path,ai,common_helper,auth_script
grammar-camp/G01/G01_be_verb_present_tense.html,True,False,False
grammar-camp/G01/G01_new.html,False,False,False
"grammar-camp/G02/G02_articles_a,_an,_the.html",True,False,False
grammar-camp/G02/G02_new.html,False,False,False
grammar-camp/G03/G03_new.html,False,False,False
grammar-camp/G03/G03_simple_present_tense.html,True,False,False
grammar-camp/G04/G04_new.html,False,False,False
grammar-camp/G04/G04_present_continuous_tense.html,True,False,False
grammar-camp/G05/G05_new.html,False,False,False
grammar-camp/G05/G05_simple_past_tense.html,True,False,False
grammar-camp/G06/G06_future_tense_will_going_to.html,True,False,False
grammar-camp/G06/G06_new.html,False,False,False
"grammar-camp/G07/G07_modal_verbs_can,_could,_should.html",True,False,False
grammar-camp/G07/G07_new.html,False,False,False
grammar-camp/G08/G08_countable_vs_uncountable_nouns.html,True,False,False
grammar-camp/G08/G08_new.html,False,False,False
grammar-camp/G09/G09_new.html,False,False,False
grammar-camp/G09/G09_question_formation_wh-questions.html,True,False,False
grammar-camp/G10/G10_comparative_and_superlative.html,True,False,False
grammar-camp/G10/G10_new.html,False,False,False
grammar-camp/G11/G11_new.html,False,False,False
"grammar-camp/G11/G11_possessive_forms_my,_your,_his,_her.html",True,False,False
grammar-camp/G12/G12_new.html,False,False,False
grammar-camp/G12/G12_there_is___there_are.html,True,False,False
grammar-camp/G13/G13_new.html,False,False,False
"grammar-camp/G13/G13_prepositions_of_place_in,_on,_at.html",True,False,False
grammar-camp/G14/G14_new.html,False,False,False
grammar-camp/G14/G14_prepositions_of_time.html,True,False,False
"grammar-camp/G15/G15_demonstratives_this,_that,_these,_those.html",True,False,False
grammar-camp/G15/G15_new.html,False,False,False
grammar-camp/G16/G16_new.html,False,False,False
grammar-camp/G16/G16_plural_nouns_regular_and_irregular.html,True,False,False
grammar-camp/G17/G17_new.html,False,False,False
"grammar-camp/G17/G17_object_pronouns_me,_you,_him,_her.html",True,False,False
grammar-camp/G18/G18_new.html,False,False,False
grammar-camp/G18/G18_yes_no_questions_and_short_answers.html,True,False,False
"grammar-camp/G19/G19_frequency_adverbs_always,_sometimes,_never.html",True,False,False
grammar-camp/G19/G19_new.html,False,False,False
grammar-camp/G20/G20_basic_imperative_commands.html,True,False,False
grammar-camp/G20/G20_new.html,False,False,False
grammar-camp/G21/G21_new.html,False,False,False
grammar-camp/G21/G21_past_continuous_tense.html,True,False,False
grammar-camp/G22/G22_new.html,False,False,False
grammar-camp/G22/G22_present_perfect_simple_introduction.html,True,False,False
"grammar-camp/G23/G23_modal_verbs_must,_have_to,_need_to.html",True,False,False
grammar-camp/G23/G23_new.html,False,False,False
grammar-camp/G24/G24_new.html,False,False,False
"grammar-camp/G24/G24_some,_any,_no,_none.html",True,False,False
grammar-camp/G25/G25_adverbs_of_manner_-ly_adverbs.html,True,False,False
grammar-camp/G25/G25_new.html,False,False,False
"grammar-camp/G26/G26_conjunctions_and,_but,_or,_so.html",True,False,False
grammar-camp/G26/G26_new.html,False,False,False
grammar-camp/G27/G27_like_vs_would_like.html,True,False,False
grammar-camp/G27/G27_new.html,False,False,False
grammar-camp/G28/G28_new.html,False,False,False
grammar-camp/G28/G28_too_vs_enough.html,True,False,False
grammar-camp/G29/G29_first_conditional_if_+_will.html,True,False,False
grammar-camp/G29/G29_new.html,False,False,False
grammar-camp/G30/G30_gerunds_vs_infinitives_basic.html,True,False,False
grammar-camp/G30/G30_new.html,False,False,False
grammar-camp/G31/G31_new.html,False,False,False
"grammar-camp/G31/G31_relative_pronouns_who,_which,_that.html",True,False,False
grammar-camp/G32/G32_new.html,False,False,False
grammar-camp/G32/G32_past_simple_vs_past_continuous.html,True,False,False
grammar-camp/G33/G33_new.html,False,False,False
grammar-camp/G33/G33_used_to_vs_be_used_to.html,True,False,False
grammar-camp/G34/G34_new.html,False,False,False
grammar-camp/G34/G34_question_tags.html,True,False,False
grammar-camp/G35/G35_new.html,False,False,False
"grammar-camp/G35/G35_reflexive_pronouns_myself,_yourself.html",True,False,False
grammar-camp/G36/G36_each_vs_every.html,True,False,False
grammar-camp/G36/G36_new.html,False,False,False
"grammar-camp/G37/G37_both,_either,_neither.html",True,False,False
grammar-camp/G37/G37_new.html,False,False,False
grammar-camp/G38/G38_new.html,False,False,False
grammar-camp/G38/G38_so_vs_such.html,True,False,False
grammar-camp/G39/G39_new.html,False,False,False
"grammar-camp/G39/G39_still,_yet,_already.html",True,False,False
grammar-camp/G40/G40_direct_vs_indirect_speech_basic.html,True,False,False
grammar-camp/G40/G40_new.html,False,False,False
grammar-camp/G41/G41_new.html,False,False,False
grammar-camp/G41/G41_present_perfect_vs_past_simple.html,True,False,False
grammar-camp/G42/G42_new.html,False,False,False
grammar-camp/G42/G42_present_perfect_continuous.html,True,False,False
grammar-camp/G43/G43_new.html,False,False,False
grammar-camp/G43/G43_past_perfect_simple.html,True,False,False
grammar-camp/G44/G44_future_perfect.html,True,False,False
grammar-camp/G44/G44_new.html,False,False,False
"grammar-camp/G45/G45_modal_verbs_might,_may,_could_for_possibility.html",True,False,False
grammar-camp/G45/G45_new.html,False,False,False
grammar-camp/G46/G46_new.html,False,False,False
grammar-camp/G46/G46_second_conditional_if_+_would.html,True,False,False
grammar-camp/G47/G47_new.html,False,False,False
grammar-camp/G47/G47_third_conditional_if_+_had_+_would_have.html,True,False,False
grammar-camp/G48/G48_new.html,False,False,False
grammar-camp/G48/G48_passive_voice_present_and_past.html,True,False,False
"grammar-camp/G49/G49_causative_verbs_have,_get,_make,_let.html",True,False,False
grammar-camp/G49/G49_new.html,False,False,False
grammar-camp/G50/G50_gerunds_and_infinitives_advanced.html,True,False,False
grammar-camp/G50/G50_new.html,False,False,False
grammar-camp/G51/G51_new.html,False,False,False
grammar-camp/G51/G51_phrasal_verbs_separable_and_inseparable.html,True,False,False
grammar-camp/G52/G52_new.html,False,False,False
grammar-camp/G52/G52_relative_clauses_defining_and_non-defining.html,True,False,False
grammar-camp/G53/G53_new.html,False,False,False
grammar-camp/G53/G53_reported_speech_statements_and_questions.html,True,False,False
grammar-camp/G54/G54_new.html,False,False,False
grammar-camp/G54/G54_wish_and_if_only.html,True,False,False
grammar-camp/G55/G55_articles_advanced_usage.html,True,False,False
grammar-camp/G55/G55_new.html,False,False,False
grammar-camp/G56/G56_new.html,False,False,False
grammar-camp/G56/G56_quantifiers_much_many_few_little.html,True,False,False
"grammar-camp/G57/G57_linking_words_however,_therefore,_although.html",True,False,False
grammar-camp/G57/G57_new.html,False,False,False
grammar-camp/G58/G58_emphasis_do_does_did_for_emphasis.html,True,False,False
grammar-camp/G58/G58_new.html,False,False,False
grammar-camp/G59/G59_cleft_sentences_it_is..._who_that.html,True,False,False
grammar-camp/G59/G59_new.html,False,False,False
grammar-camp/G60/G60_mixed_conditionals.html,True,False,False
grammar-camp/G60/G60_new.html,False,False,False
grammar-camp/G61/G61_future_in_the_past_was_going_to.html,True,False,False
grammar-camp/G61/G61_new.html,False,False,False
grammar-camp/G62/G62_new.html,False,False,False
grammar-camp/G62/G62_participle_clauses.html,True,False,False
grammar-camp/G63/G63_inversion_advanced_word_order.html,True,False,False
grammar-camp/G63/G63_new.html,False,False,False
grammar-camp/G64/G64_new.html,False,False,False
grammar-camp/G64/G64_subjunctive_mood.html,True,False,False
grammar-camp/G65/G65_double_comparatives_the_more..._the_more.html,True,False,False
grammar-camp/G65/G65_new.html,False,False,False
grammar-camp/G66/G66_advanced_passive_voice_all_tenses.html,True,False,False
grammar-camp/G66/G66_new.html,False,False,False
"grammar-camp/G67/G67_modals_of_deduction_must_have,_can't_have.html",True,False,False
grammar-camp/G67/G67_new.html,False,False,False
"grammar-camp/G68/G68_advanced_conditionals_unless,_provided_that.html",True,False,False
grammar-camp/G68/G68_new.html,False,False,False
grammar-camp/G69/G69_new.html,False,False,False
grammar-camp/G69/G69_nominal_clauses_that-clauses.html,True,False,False
grammar-camp/G70/G70_advanced_relative_clauses.html,True,False,False
grammar-camp/G70/G70_new.html,False,False,False
grammar-camp/G71/G71_complex_phrasal_verbs.html,True,False,False
grammar-camp/G71/G71_new.html,False,False,False
grammar-camp/G72/G72_advanced_reported_speech.html,True,False,False
grammar-camp/G72/G72_new.html,False,False,False
grammar-camp/G73/G73_ellipsis_and_substitution.html,True,False,False
grammar-camp/G73/G73_new.html,False,False,False
grammar-camp/G74/G74_advanced_linking_devices.html,True,False,False
grammar-camp/G74/G74_new.html,False,False,False
"grammar-camp/G75/G75_hedging_language_seems,_appears,_tend_to.html",True,False,False
grammar-camp/G75/G75_new.html,False,False,False
grammar-camp/G76/G76_fronting_and_inversion.html,True,False,False
grammar-camp/G76/G76_new.html,False,False,False
grammar-camp/G77/G77_complex_sentence_structures.html,True,False,False
grammar-camp/G77/G77_new.html,False,False,False
grammar-camp/G78/G78_advanced_gerunds_and_infinitives.html,True,False,False
grammar-camp/G78/G78_new.html,False,False,False
grammar-camp/G79/G79_new.html,False,False,False
grammar-camp/G79/G79_nominalization.html,True,False,False
grammar-camp/G80/G80_advanced_articles_and_determiners.html,True,False,False
grammar-camp/G80/G80_new.html,False,False,False
grammar-camp/index.html,False,False,False
